City_ID,City,Country,Date,Lat,Lng,Max Temp,Humidity,Cloudiness,Wind Speed
0,Yellowknife,CA,2021-05-24 19:46:20,62.456,-114.3525,42.33,38,1,5.01
1,Sai Buri,TH,2021-05-24 19:46:20,6.7013,101.6168,78.75,86,97,4.23
2,Saldanha,ZA,2021-05-24 19:46:20,-33.0117,17.9442,60.85,92,100,5.06
3,Tuktoyaktuk,CA,2021-05-24 19:46:21,69.4541,-133.0374,30.2,100,90,8.05
4,Provideniya,RU,2021-05-24 19:46:21,64.3833,-173.3,37.51,70,0,22.37
5,Tecoanapa,MX,2021-05-24 19:46:21,16.5167,-98.75,89.83,51,12,12.48
6,Cape Town,ZA,2021-05-24 19:45:03,-33.9258,18.4232,62.11,80,40,1.01
7,Tamandare,BR,2021-05-24 19:46:22,-8.7597,-35.1047,77.86,73,100,7.36
8,Taoudenni,ML,2021-05-24 19:46:22,22.6783,-3.9836,98.28,18,7,21.21
9,Maun,BW,2021-05-24 19:46:22,-19.9833,23.4167,60.76,51,0,5.75
10,Andrushivka,UA,2021-05-24 19:46:23,50.0229,29.0202,53.51,80,9,3.53
11,Vaini,TO,2021-05-24 19:46:23,-21.2,-175.2,71.76,88,75,2.3
12,Port Alfred,ZA,2021-05-24 19:46:23,-33.5906,26.891,73.09,40,100,13.02
13,Lata,PT,2021-05-24 19:46:23,40.1629,-8.3327,60.93,76,6,5.93
14,Constitucion,CL,2021-05-24 19:46:24,-35.3333,-72.4167,61.32,69,7,12.53
15,Carnarvon,AU,2021-05-24 19:46:24,-24.8667,113.6333,53.67,94,0,8.05
16,Nome,US,2021-05-24 19:43:01,64.5011,-165.4064,58.1,41,1,13.8
17,Rikitea,PF,2021-05-24 19:46:24,-23.1203,-134.9692,76.42,82,100,18.92
18,Ibanda,TZ,2021-05-24 19:46:25,-2.7974,32.4746,71.04,76,5,4.56
19,Necochea,AR,2021-05-24 19:46:25,-38.5473,-58.7368,64.04,56,5,18.99
20,Busselton,AU,2021-05-24 19:46:25,-33.65,115.3333,48.09,71,100,6.24
21,Ushuaia,AR,2021-05-24 19:46:26,-54.8,-68.3,33.46,93,75,18.41
22,Ponta Do Sol,PT,2021-05-24 19:43:36,32.6667,-17.1,68.72,77,42,5.1
23,Saint-Philippe,RE,2021-05-24 19:41:37,-21.3585,55.7679,71.19,79,94,15.35
24,Kavaratti,IN,2021-05-24 19:46:20,10.5669,72.642,84.0,75,93,12.24
25,Osmena,PH,2021-05-24 19:46:26,10.5208,119.9258,82.83,74,5,4.92
26,Porkhov,RU,2021-05-24 19:46:27,57.765,29.5561,48.09,96,7,4.9
27,Mataura,NZ,2021-05-24 19:46:27,-46.1927,168.8643,30.81,98,6,3.0
28,Butaritari,KI,2021-05-24 19:46:27,3.0707,172.7902,76.42,95,100,19.8
29,Tiksi,RU,2021-05-24 19:46:28,71.6872,128.8694,35.49,70,97,7.76
30,Port-Gentil,GA,2021-05-24 19:46:28,-0.7193,8.7815,82.36,83,75,13.8
31,Xinqing,CN,2021-05-24 19:46:28,48.2333,129.5,38.66,72,99,3.09
32,Avarua,CK,2021-05-24 19:46:29,-21.2078,-159.775,82.45,89,75,11.5
33,Siocon,PH,2021-05-24 19:46:29,7.7061,122.1353,78.93,84,74,3.65
34,Punta Arenas,CL,2021-05-24 19:46:17,-53.15,-70.9167,39.31,68,40,25.17
35,Upernavik,GL,2021-05-24 19:43:48,72.7868,-56.1549,33.35,79,57,6.42
36,Lappeenranta,FI,2021-05-24 19:41:54,61.0587,28.1887,48.25,76,0,4.61
37,Mahebourg,MU,2021-05-24 19:45:21,-20.4081,57.7,73.69,73,75,5.75
38,Raymondville,US,2021-05-24 19:46:30,26.4815,-97.7831,90.59,63,79,12.48
39,Xining,CN,2021-05-24 19:46:30,36.6167,101.7667,49.14,39,95,2.04
40,Albany,US,2021-05-24 19:46:30,42.6001,-73.9662,75.15,37,46,1.01
41,Narsaq,GL,2021-05-24 19:44:27,60.9167,-46.05,46.62,53,100,1.19
42,Georgetown,MY,2021-05-24 19:44:35,5.4112,100.3354,82.89,85,20,1.99
43,Norman Wells,CA,2021-05-24 19:46:31,65.282,-126.8329,48.24,71,20,14.97
44,Sabha,LY,2021-05-24 19:46:31,27.0377,14.4283,93.51,9,21,11.9
45,Esperance,AU,2021-05-24 19:46:31,-33.8667,121.9,49.84,58,100,21.9
46,Te Anau,NZ,2021-05-24 19:46:32,-45.4167,167.7167,31.53,91,16,1.03
47,Renqiu,CN,2021-05-24 19:46:32,38.6989,116.0936,57.04,20,0,1.86
48,Puerto Ayora,EC,2021-05-24 19:46:32,-0.7393,-90.3518,84.16,85,52,10.0
49,Ewo,CG,2021-05-24 19:46:33,-0.8725,14.8206,81.12,64,98,2.21
50,Saint Pete Beach,US,2021-05-24 19:46:33,27.7253,-82.7412,94.33,49,1,1.01
51,Ambanja,MG,2021-05-24 19:46:33,-13.6833,48.45,70.92,89,70,3.31
52,Barrow,US,2021-05-24 19:43:35,71.2906,-156.7887,28.42,86,90,14.97
53,Fortuna,US,2021-05-24 19:46:34,40.5982,-124.1573,75.18,61,20,4.0
54,Castro,BR,2021-05-24 19:46:34,-24.7911,-50.0119,53.87,65,88,3.36
55,Fukue,JP,2021-05-24 19:44:35,32.6881,128.8419,66.06,64,64,8.05
56,Mar Del Plata,AR,2021-05-24 19:45:50,-38.0023,-57.5575,63.12,55,0,14.0
57,Pitsunda,GE,2021-05-24 19:46:35,43.1592,40.3378,60.98,92,19,4.45
58,Meulaboh,ID,2021-05-24 19:46:35,4.1363,96.1285,77.41,91,69,3.33
59,Maniitsoq,GL,2021-05-24 19:46:35,65.4167,-52.9,31.53,91,100,14.97
60,Qaanaaq,GL,2021-05-24 19:44:14,77.484,-69.3632,33.49,74,0,6.11
61,Bluff,NZ,2021-05-24 19:46:36,-46.6,168.3333,38.71,81,6,9.33
62,Kidal,ML,2021-05-24 19:46:36,18.4411,1.4078,99.16,16,61,9.13
63,Mormugao,IN,2021-05-24 19:46:36,15.4,73.8,82.81,82,100,11.5
64,Vao,NC,2021-05-24 19:46:37,-22.6667,167.4833,71.17,61,7,21.39
65,Sobolevo,RU,2021-05-24 19:42:48,54.4299,31.8996,48.29,86,1,3.29
66,Lakatoro,VU,2021-05-24 19:46:37,-16.0999,167.4164,74.53,76,95,10.0
67,Oranjemund,NA,2021-05-24 19:46:37,-28.55,16.4333,63.7,68,100,1.25
68,Yulara,AU,2021-05-24 19:46:38,-25.2406,130.9889,62.44,82,90,8.05
69,Khatanga,RU,2021-05-24 19:46:38,71.9667,102.5,30.92,99,100,2.08
70,Moreira Sales,BR,2021-05-24 19:46:38,-24.0622,-53.0069,64.89,40,98,3.71
71,Balabac,PH,2021-05-24 19:46:39,7.9868,117.0645,80.28,78,99,4.61
72,Hermanus,ZA,2021-05-24 19:46:39,-34.4187,19.2345,60.91,82,55,7.38
73,Atuona,PF,2021-05-24 19:46:39,-9.8,-139.0333,80.24,76,19,18.9
74,Tres Arroyos,AR,2021-05-24 19:46:40,-38.3739,-60.2798,60.6,52,5,17.76
75,Tigre,AR,2021-05-24 19:46:40,-34.426,-58.5796,64.54,51,0,12.66
76,Port Elizabeth,ZA,2021-05-24 19:46:40,-33.918,25.5701,73.69,49,75,20.71
77,Havelock,US,2021-05-24 19:46:40,34.8791,-76.9013,91.38,62,75,8.01
78,Drayton Valley,CA,2021-05-24 19:46:41,53.2168,-114.9854,50.92,87,100,17.56
79,Pevek,RU,2021-05-24 19:44:34,69.7008,170.3133,31.78,80,100,4.03
80,Ancud,CL,2021-05-24 19:46:41,-41.8697,-73.8203,54.43,71,91,12.97
81,Saskylakh,RU,2021-05-24 19:45:17,71.9167,114.0833,36.14,89,8,5.91
82,New Norfolk,AU,2021-05-24 19:43:54,-42.7826,147.0587,55.92,64,100,3.4
83,Pingliang,CN,2021-05-24 19:46:42,35.5392,106.6861,57.34,36,100,0.63
84,Sur,OM,2021-05-24 19:46:42,22.5667,59.5289,88.81,51,0,13.49
85,Dikson,RU,2021-05-24 19:46:42,73.5069,80.5464,21.74,91,46,7.83
86,Klaksvik,FO,2021-05-24 19:45:20,62.2266,-6.589,49.12,71,23,9.98
87,Payo,ID,2021-05-24 19:46:43,-3.7508,103.6372,73.24,96,55,2.06
88,Bengkulu,ID,2021-05-24 19:44:07,-3.8004,102.2655,75.7,93,99,3.76
89,Portland,US,2021-05-24 19:44:13,45.5234,-122.6762,60.13,89,90,4.0
90,Port Hardy,CA,2021-05-24 19:46:43,50.6996,-127.4199,53.78,82,90,6.91
91,Burnie,AU,2021-05-24 19:46:43,-41.0667,145.9167,54.95,90,100,9.98
92,Cidreira,BR,2021-05-24 19:44:02,-30.1811,-50.2056,59.88,62,0,17.83
93,Sept-Iles,CA,2021-05-24 19:46:43,50.2001,-66.3821,49.05,66,40,8.99
94,Yamada,JP,2021-05-24 19:46:44,39.4667,141.95,60.48,83,100,4.59
95,Kahului,US,2021-05-24 19:46:44,20.8947,-156.47,83.97,69,20,5.75
96,Hilo,US,2021-05-24 19:46:44,19.7297,-155.09,82.62,74,1,11.5
97,Ponnani,IN,2021-05-24 19:46:45,10.767,75.9252,83.52,84,100,6.13
98,Staritsa,RU,2021-05-24 19:46:45,56.5075,34.9354,46.62,88,1,5.97
99,Chuy,UY,2021-05-24 19:46:45,-33.6971,-53.4616,57.85,64,8,11.97
100,Bambous Virieux,MU,2021-05-24 19:46:46,-20.3428,57.7575,73.65,73,75,15.23
101,Wanning,CN,2021-05-24 19:44:36,18.8003,110.3967,81.41,88,100,5.75
102,Satuk,TR,2021-05-24 19:46:46,41.2263,32.3836,54.63,55,51,0.25
103,Los Llanos De Aridane,ES,2021-05-24 19:46:36,28.6585,-17.9182,65.12,68,75,17.13
104,Dunedin,NZ,2021-05-24 19:46:46,-45.8742,170.5036,43.81,70,5,1.99
105,Lyubymivka,UA,2021-05-24 19:46:47,46.8106,33.5686,56.71,83,100,16.73
106,Bowen,AU,2021-05-24 19:46:47,-20.0167,148.2333,66.42,73,69,10.89
107,Arraial Do Cabo,BR,2021-05-24 19:46:47,-22.9661,-42.0278,75.06,60,75,6.91
108,Ilulissat,GL,2021-05-24 19:46:48,69.2167,-51.1,44.62,33,20,18.41
109,Lasa,IT,2021-05-24 19:46:48,46.6166,10.7002,50.88,100,100,0.49
110,Manavalakurichi,IN,2021-05-24 19:46:48,8.1333,77.3,86.09,85,100,11.34
111,Tautira,PF,2021-05-24 19:46:49,-17.7333,-149.15,84.22,79,86,11.59
112,Fairbanks,US,2021-05-24 19:45:57,64.8378,-147.7164,65.39,35,1,8.05
113,Ambilobe,MG,2021-05-24 19:46:49,-13.2,49.05,72.25,82,99,2.46
114,Sorland,NO,2021-05-24 19:44:40,67.667,12.6934,46.47,74,33,16.87
115,Stokmarknes,NO,2021-05-24 19:46:49,68.5646,14.9108,48.49,66,26,7.74
116,Cherskiy,RU,2021-05-24 19:43:55,68.75,161.3,46.22,49,3,11.65
117,Belyy Yar,RU,2021-05-24 19:46:50,53.6039,91.3903,53.49,93,40,4.72
118,North Platte,US,2021-05-24 19:46:50,41.1239,-100.7654,66.99,90,90,1.99
119,Bar Harbor,US,2021-05-24 19:46:50,44.3876,-68.2039,64.89,39,1,18.01
120,Sukhobezvodnoye,RU,2021-05-24 19:43:21,57.0491,44.8891,52.11,75,92,2.59
121,Labuhan,ID,2021-05-24 19:46:51,-6.8844,112.2051,77.02,88,32,6.4
122,Tasiilaq,GL,2021-05-24 19:46:51,65.6145,-37.6368,37.56,84,100,37.18
123,Hobart,AU,2021-05-24 19:46:51,-42.8794,147.3294,56.26,82,99,3.0
124,Thompson,CA,2021-05-24 19:45:15,55.7435,-97.8558,51.96,87,90,6.91
125,Krasnoselkup,RU,2021-05-24 19:46:52,65.7,82.4667,30.6,74,7,16.31
126,Buala,SB,2021-05-24 19:46:52,-8.145,159.5921,78.96,80,99,2.91
127,Hambantota,LK,2021-05-24 19:46:52,6.1241,81.1185,80.11,86,100,22.48
128,Abalak,RU,2021-05-24 19:46:53,58.1286,68.5944,68.13,67,100,8.95
129,Svetlaya,RU,2021-05-24 19:46:53,46.5389,138.3297,46.45,97,100,7.31
130,Bredasdorp,ZA,2021-05-24 19:44:04,-34.5322,20.0403,54.72,86,100,4.79
131,Zhireken,RU,2021-05-24 19:46:53,52.8249,117.3076,30.25,92,87,3.71
132,San Cristobal,VE,2021-05-24 19:42:21,7.7669,-72.225,77.18,94,100,5.32
133,Ostrovnoy,RU,2021-05-24 19:46:54,68.0531,39.5131,33.71,84,96,14.41
134,Kamaishi,JP,2021-05-24 19:46:54,39.2667,141.8833,60.98,83,100,4.72
135,Bontang,ID,2021-05-24 19:46:54,0.1333,117.5,78.87,87,97,4.56
136,Predivinsk,RU,2021-05-24 19:46:55,57.0669,93.4378,49.44,92,38,7.83
137,Jiuquan,CN,2021-05-24 19:46:55,39.7432,98.5174,59.76,15,100,4.81
138,Tessalit,ML,2021-05-24 19:46:55,20.1986,1.0114,102.16,11,74,1.45
139,Winnemucca,US,2021-05-24 19:45:48,40.973,-117.7357,66.25,28,20,12.64
140,Natal,BR,2021-05-24 19:46:17,-5.795,-35.2094,84.85,75,40,11.03
141,East London,ZA,2021-05-24 19:46:56,-33.0153,27.9116,75.56,36,100,10.09
142,Jamestown,US,2021-05-24 19:42:00,42.097,-79.2353,75.02,61,90,5.99
143,Alofi,NU,2021-05-24 19:46:56,-19.0595,-169.9187,73.29,100,53,1.14
144,Muros,ES,2021-05-24 19:46:57,42.7762,-9.0603,60.24,78,31,10.0
145,Mount Gambier,AU,2021-05-24 19:46:57,-37.8333,140.7667,66.11,45,100,19.57
146,Christchurch,NZ,2021-05-24 19:42:16,-43.5333,172.6333,39.81,94,20,0.0
147,Severo-Kurilsk,RU,2021-05-24 19:46:57,50.6789,156.125,39.9,76,99,14.16
148,Ahipara,NZ,2021-05-24 19:46:58,-35.1667,173.1667,55.96,72,100,12.48
149,Warri,NG,2021-05-24 19:46:58,5.5167,5.75,78.85,89,99,6.33
150,Cockburn Town,TC,2021-05-24 19:46:58,21.4612,-71.1419,82.36,69,40,13.8
151,Lorengau,PG,2021-05-24 19:44:43,-2.0226,147.2712,81.34,81,100,13.31
152,Cabo San Lucas,MX,2021-05-24 19:42:31,22.8909,-109.9124,93.81,61,0,7.34
153,Kapaa,US,2021-05-24 19:43:47,22.0752,-159.319,81.48,67,40,1.99
154,Vila Franca Do Campo,PT,2021-05-24 19:46:59,37.7167,-25.4333,64.81,67,100,4.94
155,Salvador,SV,2021-05-24 19:44:54,13.8333,-88.9167,87.04,39,95,2.91
156,Morales,CO,2021-05-24 19:46:59,2.757,-76.6172,72.48,76,88,4.59
157,Valreas,FR,2021-05-24 19:47:00,44.3837,4.9908,61.92,71,62,2.39
158,Bethel,US,2021-05-24 19:47:00,41.3712,-73.414,70.43,53,75,6.91
159,Nanortalik,GL,2021-05-24 19:43:42,60.1432,-45.2371,35.44,97,100,12.84
160,Bokoro,TD,2021-05-24 19:47:00,12.3807,17.0568,93.52,9,23,8.05
161,San Patricio,US,2021-05-24 19:47:01,28.017,-97.5169,86.72,67,48,17.34
162,Sao Joao Da Barra,BR,2021-05-24 19:47:01,-21.6403,-41.0511,78.89,69,100,16.04
163,Kaitangata,NZ,2021-05-24 19:44:20,-46.2817,169.8464,38.93,88,5,4.65
164,Orchard Homes,US,2021-05-24 19:47:01,46.8633,-114.0484,53.74,51,90,1.01
165,Puerto Escondido,MX,2021-05-24 19:47:02,15.85,-97.0667,89.2,58,57,9.82
166,College,US,2021-05-24 19:47:02,64.8569,-147.8028,64.22,34,1,6.91
167,Talnakh,RU,2021-05-24 19:47:02,69.4865,88.3972,28.6,92,100,19.6
168,Ulaangom,MN,2021-05-24 19:47:03,49.9811,92.0667,55.45,58,1,0.38
169,Buin,CL,2021-05-24 19:47:03,-33.7333,-70.75,74.08,20,0,2.04
170,Concepcion Del Oro,MX,2021-05-24 19:47:04,24.6333,-101.4167,77.67,26,1,4.23
171,Andenes,NO,2021-05-24 19:47:04,69.3143,16.1194,42.78,65,0,19.57
172,Luwuk,ID,2021-05-24 19:47:04,-0.9516,122.7875,76.86,88,91,5.55
173,Kavieng,PG,2021-05-24 19:47:05,-2.5744,150.7967,81.43,76,98,3.2
174,Verkhnyaya Toyma,RU,2021-05-24 19:47:05,62.2349,44.9985,52.54,89,100,10.27
175,Bulawayo,ZW,2021-05-24 19:47:05,-20.15,28.5833,51.1,69,0,8.37
176,Broome,US,2021-05-24 19:47:06,42.2506,-75.833,75.06,50,1,1.99
177,Omboue,GA,2021-05-24 19:47:06,-1.5746,9.2618,77.88,92,100,6.38
178,Kapoeta,SS,2021-05-24 19:47:06,4.7717,33.5903,75.29,73,22,5.44
179,Qitaihe,CN,2021-05-24 19:47:07,45.8,130.85,42.42,79,41,4.79
180,Wajima,JP,2021-05-24 19:47:07,37.4,136.9,60.82,93,100,14.03
181,Bathsheba,BB,2021-05-24 19:43:41,13.2167,-59.5167,86.61,69,40,16.24
182,Kouango,CF,2021-05-24 19:47:07,4.9934,19.9619,76.48,77,52,0.98
183,Labytnangi,RU,2021-05-24 19:47:08,66.6572,66.4183,36.5,53,100,5.55
184,Kamyshin,RU,2021-05-24 19:47:08,50.0983,45.416,61.79,85,96,8.9
185,Ugoofaaru,MV,2021-05-24 19:47:08,5.6667,73.0,83.75,75,100,23.0
186,Dharchula,IN,2021-05-24 19:47:09,29.85,80.5333,67.21,54,0,6.89
187,Faanui,PF,2021-05-24 19:47:09,-16.4833,-151.75,81.54,75,93,11.07
188,Muskegon,US,2021-05-24 19:47:09,43.3,-86.1334,84.22,63,75,9.13
189,Ribeira Grande,PT,2021-05-24 19:47:09,38.5167,-28.7,64.8,68,20,14.97
190,Abu Kamal,SY,2021-05-24 19:47:10,34.4506,40.9171,75.31,36,27,7.18
191,Kangaatsiaq,GL,2021-05-24 19:47:10,68.3065,-53.4641,43.25,38,100,31.25
192,Kardla,EE,2021-05-24 19:47:11,58.9978,22.7492,50.05,95,28,5.01
193,Hithadhoo,MV,2021-05-24 19:47:11,-0.6,73.0833,84.34,69,100,15.86
194,Nikolskoye,RU,2021-05-24 19:47:11,59.7035,30.7861,51.69,86,5,4.63
195,Kiama,AU,2021-05-24 19:47:11,-34.6833,150.8667,61.57,80,99,7.0
196,Skelleftea,SE,2021-05-24 19:47:12,64.7507,20.9528,43.16,97,90,4.05
197,Isiro,CD,2021-05-24 19:47:12,2.7739,27.616,68.34,90,100,2.59
198,Naze,JP,2021-05-24 19:47:12,28.3667,129.4833,69.67,79,77,6.08
199,Billings,US,2021-05-24 19:46:01,45.7833,-108.5007,66.29,29,75,25.32
200,Puerto Madero,MX,2021-05-24 19:47:13,14.7208,-92.4215,86.52,64,97,7.0
201,Saint George,US,2021-05-24 19:47:13,37.1041,-113.5841,79.63,18,1,3.0
202,Juegang,CN,2021-05-24 19:47:13,32.3174,121.1855,67.32,83,100,12.62
203,San Policarpo,PH,2021-05-24 19:47:14,12.1791,125.5072,79.29,87,86,4.63
204,Qasigiannguit,GL,2021-05-24 19:47:14,68.8193,-51.1922,44.85,45,100,20.83
205,Henties Bay,NA,2021-05-24 19:47:15,-22.116,14.2845,73.85,56,6,8.03
206,Krosno,PL,2021-05-24 19:47:15,49.6887,21.7706,58.62,74,100,8.46
207,Morondava,MG,2021-05-24 19:47:15,-20.2833,44.2833,70.5,82,0,7.85
208,Malaya Serdoba,RU,2021-05-24 19:47:15,52.4661,44.9512,56.71,89,100,3.51
209,Eydhafushi,MV,2021-05-24 19:47:16,5.1033,73.0708,84.22,74,100,22.93
210,Biloela,AU,2021-05-24 19:47:16,-24.4167,150.5,55.24,91,0,7.38
211,Honiara,SB,2021-05-24 19:44:41,-9.4333,159.95,77.34,87,99,3.09
212,Sitka,US,2021-05-24 19:47:16,57.0531,-135.33,48.09,71,90,9.22
213,Palmas De Monte Alto,BR,2021-05-24 19:47:17,-14.2672,-43.1619,88.9,26,85,1.72
214,Abu Samrah,SY,2021-05-24 19:47:17,35.3029,37.1841,72.0,45,0,8.1
215,Beloha,MG,2021-05-24 19:47:17,-25.1667,45.05,63.55,92,1,3.91
216,Laguna,US,2021-05-24 19:47:18,38.421,-121.4238,86.61,37,1,3.0
217,Ulverstone,AU,2021-05-24 19:47:18,-41.15,146.1667,55.22,92,100,7.72
218,Leningradskiy,RU,2021-05-24 19:47:18,69.3833,178.4167,31.8,88,100,9.37
219,Komsomolskiy,UZ,2021-05-24 19:47:18,40.4272,71.7189,72.32,37,100,9.22
220,Ferrol,ES,2021-05-24 19:47:19,43.4832,-8.2369,57.72,80,86,8.34
221,Hobyo,SO,2021-05-24 19:47:19,5.3505,48.5268,79.92,72,95,19.98
222,Touros,BR,2021-05-24 19:43:52,-5.1989,-35.4608,85.1,76,99,14.43
223,Hasaki,JP,2021-05-24 19:47:19,35.7333,140.8333,62.89,84,25,9.4
224,Kayes,ML,2021-05-24 19:47:20,14.0,-11.0,100.63,14,75,4.59
225,Chulman,RU,2021-05-24 19:47:20,56.8479,124.9104,35.71,98,100,1.86
226,Ambon,ID,2021-05-24 19:47:20,-3.6954,128.1814,79.72,82,100,6.38
227,Namibe,AO,2021-05-24 19:47:21,-15.1961,12.1522,74.08,70,20,7.14
228,Guerrero Negro,MX,2021-05-24 19:47:21,27.9769,-114.0611,75.18,47,1,10.98
229,Kapit,MY,2021-05-24 19:47:21,2.0167,112.9333,72.55,100,100,1.19
230,Kruisfontein,ZA,2021-05-24 19:47:22,-34.0033,24.7314,67.89,66,100,7.47
231,Souillac,MU,2021-05-24 19:47:22,-20.5167,57.5167,73.78,75,75,13.73
232,Rehoboth,NA,2021-05-24 19:47:22,-23.3167,17.0833,62.04,33,20,5.03
233,Ferkessedougou,CI,2021-05-24 19:47:23,9.6,-5.2,82.89,61,73,2.84
234,Airai,TL,2021-05-24 19:47:23,-8.9266,125.4092,55.9,85,7,2.68
235,Torbay,CA,2021-05-24 19:44:16,47.6666,-52.7314,37.58,71,90,19.57
236,Ocampo,MX,2021-05-24 19:47:23,21.65,-101.5,81.28,24,3,7.58
237,Russell,US,2021-05-24 19:45:16,32.3502,-85.1999,91.0,27,48,1.05
238,Kodiak,US,2021-05-24 19:47:24,57.79,-152.4072,51.31,66,1,6.91
239,Yerbogachen,RU,2021-05-24 19:47:24,61.2767,108.0108,40.17,51,90,6.02
240,Stettler,CA,2021-05-24 19:47:24,52.3168,-112.7186,51.64,100,100,20.71
241,Grindavik,IS,2021-05-24 19:46:48,63.8424,-22.4338,48.67,72,75,14.32
242,Nouadhibou,MR,2021-05-24 19:47:25,20.931,-17.0347,67.98,73,0,25.32
243,Erenhot,CN,2021-05-24 19:45:37,43.6475,111.9767,47.28,48,100,3.71
244,Sosnovka,RU,2021-05-24 19:47:25,56.255,51.2842,59.7,76,100,4.16
245,Pangnirtung,CA,2021-05-24 19:47:26,66.1451,-65.7125,26.6,68,75,11.5
246,Bud,US,2021-05-24 19:47:26,39.447,-86.1758,89.04,49,97,9.26
247,Tommot,RU,2021-05-24 19:47:26,58.9564,126.2925,39.45,98,100,2.19
248,Huarmey,PE,2021-05-24 19:47:27,-10.0681,-78.1522,69.53,78,39,7.7
249,Marawi,PH,2021-05-24 19:47:27,7.9986,124.2928,69.66,93,65,1.5
250,Arawa,PG,2021-05-24 19:47:27,-6.2132,155.5367,76.53,91,95,4.41
251,Bilma,NE,2021-05-24 19:47:27,18.6853,12.9164,92.93,8,0,9.33
252,Victoria,HK,2021-05-24 19:45:16,22.2855,114.1577,84.33,87,71,1.01
253,Karratha,AU,2021-05-24 19:47:28,-20.7377,116.8463,69.46,40,59,14.43
254,Petropavlovka,RU,2021-05-24 19:47:28,50.6114,105.3196,46.92,82,99,4.47
255,Kimparana,ML,2021-05-24 19:45:22,12.8347,-4.9244,92.35,33,90,9.08
256,Rabo De Peixe,PT,2021-05-24 19:47:29,37.8,-25.5833,63.91,66,40,4.94
257,Berezivka,UA,2021-05-24 19:47:29,47.2043,30.9078,54.09,84,3,10.8
258,Mayskiy,RU,2021-05-24 19:47:29,47.6931,40.1025,65.44,95,63,5.95
259,Hamilton,US,2021-05-24 19:45:59,39.1834,-84.5333,90.09,42,1,1.01
260,Grand-Santi,GF,2021-05-24 19:47:30,4.25,-54.3833,76.6,98,100,4.23
261,San Carlos,VE,2021-05-24 19:47:30,9.6612,-68.5827,83.28,75,100,1.9
262,Mercedes,AR,2021-05-24 19:47:30,-34.6515,-59.4307,64.04,65,0,11.99
263,Kassala,SD,2021-05-24 19:47:31,15.451,36.4,95.65,12,9,8.3
264,College Place,US,2021-05-24 19:47:31,46.0493,-118.3883,72.0,55,96,8.01
265,Dauphin,CA,2021-05-24 19:47:31,51.1494,-100.0502,73.54,38,20,23.02
266,Sinnar,SD,2021-05-24 19:47:32,13.5691,33.5672,95.76,10,7,8.12
267,Antofagasta,CL,2021-05-24 19:47:32,-23.65,-70.4,69.22,53,100,4.97
268,Paamiut,GL,2021-05-24 19:47:32,61.994,-49.6678,32.02,95,100,27.47
269,Avera,US,2021-05-24 19:47:17,33.194,-82.5271,93.7,31,10,3.15
270,Sakakah,SA,2021-05-24 19:47:33,29.9697,40.2064,80.17,24,0,10.16
271,Vaitape,PF,2021-05-24 19:47:33,-16.5167,-151.75,81.52,75,93,11.18
272,Itupiranga,BR,2021-05-24 19:44:12,-5.1347,-49.3267,89.92,68,63,3.91
273,Lompoc,US,2021-05-24 19:47:33,34.6391,-120.4579,89.1,57,1,14.97
274,Manta,EC,2021-05-24 19:47:34,-0.95,-80.7333,80.38,74,75,9.22
275,Solnechnyy,RU,2021-05-24 19:47:34,50.7214,136.6319,39.52,98,100,3.74
276,Kudat,MY,2021-05-24 19:47:34,6.8837,116.8477,77.29,94,40,3.44
277,Port Augusta,AU,2021-05-24 19:47:35,-32.5,137.7667,60.71,86,100,18.37
278,Umm Lajj,SA,2021-05-24 19:47:35,25.0213,37.2685,83.07,53,0,8.25
279,Sinop,TR,2021-05-24 19:47:35,41.7711,34.8709,54.43,66,4,2.89
280,Cachoeiro De Itapemirim,BR,2021-05-24 19:47:36,-20.8489,-41.1128,74.08,82,85,5.99
281,Nova Friburgo,BR,2021-05-24 19:47:36,-22.2819,-42.5311,66.11,93,100,3.09
282,Karacakoy,TR,2021-05-24 19:47:36,41.4029,28.3834,66.24,90,100,10.2
283,Phalombe,MW,2021-05-24 19:47:37,-15.8064,35.6507,56.8,89,20,5.95
284,Lamu,KE,2021-05-24 19:47:37,-2.2717,40.902,78.69,78,8,18.63
285,Grand Gaube,MU,2021-05-24 19:47:37,-20.0064,57.6608,73.8,78,21,4.0
286,Kingston,JM,2021-05-24 19:47:38,17.997,-76.7936,86.95,69,20,5.01
287,Vostok,RU,2021-05-24 19:47:38,46.4856,135.8833,39.9,96,66,2.33
288,Vardo,NO,2021-05-24 19:47:38,70.3705,31.1107,37.38,60,75,2.3
289,Jaque,PA,2021-05-24 19:47:39,7.5175,-78.1703,82.4,83,96,6.62
290,George,ZA,2021-05-24 19:47:39,-33.963,22.4617,56.75,82,0,5.75
291,Saint-Pierre,RE,2021-05-24 19:47:39,-21.3393,55.4781,71.28,85,90,17.27
292,Sauk Rapids,US,2021-05-24 19:47:40,45.5919,-94.1661,86.56,37,1,5.01
293,Tarija,BO,2021-05-24 19:47:40,-21.5355,-64.7296,64.31,48,100,0.0
294,Cap Malheureux,MU,2021-05-24 19:43:03,-19.9842,57.6142,73.89,78,26,5.01
295,Bograd,RU,2021-05-24 19:45:02,54.2344,90.8328,51.55,88,88,6.73
296,Praya,CV,2021-05-24 19:47:41,14.9215,-23.5087,75.74,64,20,17.27
297,Lagoa,PT,2021-05-24 19:46:34,39.05,-27.9833,61.92,69,100,12.06
298,Batagay-Alyta,RU,2021-05-24 19:46:07,67.8006,130.4114,36.45,57,10,3.96
299,Berezovyy,RU,2021-05-24 19:47:41,51.6667,135.7,39.47,98,100,1.3
300,Ateli,IN,2021-05-24 19:47:42,28.1,76.2833,87.46,25,0,5.82
301,Suntar,RU,2021-05-24 19:47:42,62.1444,117.6319,43.48,74,100,3.98
302,Fredericksburg,US,2021-05-24 19:47:42,38.3032,-77.4605,75.81,75,90,3.0
303,Wicklow,IE,2021-05-24 19:47:43,53.0,-6.4167,48.63,94,90,7.31
304,Cordoba,AR,2021-05-24 19:47:43,-31.4135,-64.1811,74.75,15,0,4.0
305,Goderich,CA,2021-05-24 19:47:26,43.7501,-81.7165,78.03,52,98,8.05
306,Mitsamiouli,KM,2021-05-24 19:47:43,-11.3847,43.2844,78.82,64,6,9.24
307,Portage,US,2021-05-24 19:47:44,41.1667,-81.1998,79.66,62,75,5.75
308,Kochi,IN,2021-05-24 19:47:44,9.9399,76.2602,80.58,82,100,3.36
309,Vanavara,RU,2021-05-24 19:47:44,60.34,102.2797,44.26,93,92,1.86
310,Akyab,MM,2021-05-24 19:47:45,20.15,92.9,82.02,84,100,26.37
311,Illapel,CL,2021-05-24 19:47:45,-31.6308,-71.1653,71.37,26,0,5.82
312,Ayan,RU,2021-05-24 19:47:45,56.45,138.1667,33.93,93,100,23.17
313,Tesalia,CO,2021-05-24 19:47:46,2.4859,-75.7292,83.7,62,41,4.92
314,Uglovskoye,RU,2021-05-24 19:47:46,51.3557,80.1942,64.02,69,63,5.21
315,Eureka,US,2021-05-24 19:47:46,40.8021,-124.1637,74.75,73,86,5.99
316,Urubicha,BO,2021-05-24 19:47:46,-15.3833,-62.95,78.62,41,73,0.98
317,Byron Bay,AU,2021-05-24 19:44:09,-28.65,153.6167,61.88,79,96,5.93
318,Azul,AR,2021-05-24 19:47:47,-36.777,-59.8585,56.95,71,1,15.66
319,Cayenne,GF,2021-05-24 19:47:47,4.9333,-52.3333,78.84,90,90,10.36
320,Katangli,RU,2021-05-24 19:47:48,51.7102,143.2326,34.29,95,100,9.62
321,Roald,NO,2021-05-24 19:47:48,62.5833,6.1333,58.12,93,90,13.8
322,Ayagoz,KZ,2021-05-24 19:47:48,47.9714,80.4392,62.38,58,89,7.92
323,Lang Suan,TH,2021-05-24 19:47:49,9.9456,99.0785,79.88,85,100,5.3
324,Aden,YE,2021-05-24 19:43:40,12.7794,45.0367,88.74,60,5,5.53
325,Westport,US,2021-05-24 19:45:07,41.1415,-73.3579,70.05,48,1,1.01
326,Junin,AR,2021-05-24 19:47:49,-34.5838,-60.9433,60.33,55,0,9.75
327,Orativ,UA,2021-05-24 19:47:50,49.1889,29.527,51.71,85,3,1.72
328,Luderitz,NA,2021-05-24 19:43:36,-26.6481,15.1594,68.45,52,100,3.2
329,Richards Bay,ZA,2021-05-24 19:45:16,-28.783,32.0377,65.55,77,0,12.66
330,Sarmanovo,RU,2021-05-24 19:47:50,55.2553,52.5891,65.08,89,99,5.37
331,Kilrush,IE,2021-05-24 19:47:50,52.6397,-9.4833,51.55,87,62,21.68
332,Lebu,CL,2021-05-24 19:47:51,-37.6167,-73.65,56.82,87,99,5.17
333,De Aar,ZA,2021-05-24 19:47:51,-30.6497,24.0123,57.7,43,81,6.26
334,Nhulunbuy,AU,2021-05-24 19:47:51,-12.2333,136.7667,77.61,83,40,11.5
335,Severnoye,RU,2021-05-24 19:47:52,56.3491,78.3619,57.74,63,81,2.04
336,Longyearbyen,SJ,2021-05-24 19:45:05,78.2186,15.6401,28.24,69,75,9.22
337,Aberystwyth,GB,2021-05-24 19:47:52,52.4155,-4.0829,48.88,84,41,13.35
338,Chardara,KZ,2021-05-24 19:43:13,41.2547,67.9692,72.19,54,58,7.02
339,Bologoye,RU,2021-05-24 19:47:52,57.8799,34.1068,45.21,96,11,5.46
340,North Bend,US,2021-05-24 19:47:53,43.4065,-124.2243,60.85,72,90,13.8
341,Salalah,OM,2021-05-24 19:47:53,17.0151,54.0924,86.09,74,40,6.91
342,Merauke,ID,2021-05-24 19:47:53,-8.4667,140.3333,75.67,89,16,12.3
343,Bonavista,CA,2021-05-24 19:44:28,48.6499,-53.1147,37.11,55,100,23.87
344,Eyl,SO,2021-05-24 19:47:54,7.9803,49.8164,83.46,65,80,18.75
345,Ponta Delgada,PT,2021-05-24 19:47:54,37.7333,-25.6667,65.12,63,40,8.05
346,Nishihara,JP,2021-05-24 19:47:54,26.1842,127.7558,76.68,88,40,3.67
347,Zhigansk,RU,2021-05-24 19:47:55,66.7697,123.3711,43.39,48,100,5.32
348,Acarau,BR,2021-05-24 19:47:03,-2.8856,-40.12,81.52,80,79,14.9
349,Denpasar,ID,2021-05-24 19:47:55,-8.65,115.2167,80.26,81,40,4.34
350,Leninskoye,KZ,2021-05-24 19:47:55,41.7589,69.3864,66.13,49,100,4.7
351,Asau,RO,2021-05-24 19:47:55,46.4333,26.4,57.4,78,74,0.81
352,Barreirinhas,BR,2021-05-24 19:43:14,-2.7469,-42.8264,82.0,77,100,7.49
353,Flinders,AU,2021-05-24 19:47:56,-34.5833,150.8552,61.38,91,100,1.01
354,Hay River,CA,2021-05-24 19:47:56,60.8156,-115.7999,39.16,70,40,14.97
355,Havoysund,NO,2021-05-24 19:43:19,70.9963,24.6622,37.63,66,45,11.74
356,Sambava,MG,2021-05-24 19:47:11,-14.2667,50.1667,70.45,83,3,10.36
357,Makat,KZ,2021-05-24 19:47:57,47.6469,53.3463,83.41,18,2,4.81
358,Chokurdakh,RU,2021-05-24 19:47:57,70.6333,147.9167,28.74,99,95,5.19
359,Namatanai,PG,2021-05-24 19:47:58,-3.6667,152.4333,79.75,87,100,8.32
360,Naron,ES,2021-05-24 19:47:58,43.5167,-8.1528,58.05,85,92,6.58
361,Port Hedland,AU,2021-05-24 19:47:29,-20.3167,118.5667,73.45,46,95,5.75
362,Cervia,IT,2021-05-24 19:47:58,44.2657,12.3427,64.0,88,20,2.3
363,San Quintin,MX,2021-05-24 19:47:59,30.4833,-115.95,69.55,60,1,15.61
364,Comodoro Rivadavia,AR,2021-05-24 19:47:59,-45.8667,-67.5,57.06,28,20,27.63
365,Mandalgovi,MN,2021-05-24 19:47:59,45.7625,106.2708,50.2,60,100,23.44
366,High River,CA,2021-05-24 19:47:59,50.5834,-113.8687,50.47,83,100,16.33
367,Alexandria,EG,2021-05-24 19:48:00,31.2156,29.9553,69.76,88,0,9.22
368,Samarai,PG,2021-05-24 19:48:00,-10.6167,150.6667,79.77,73,79,14.79
369,Beringovskiy,RU,2021-05-24 19:48:00,63.05,179.3167,33.31,92,100,12.12
370,Safford,US,2021-05-24 19:44:40,32.834,-109.7076,89.06,5,1,5.75
371,Port Blair,IN,2021-05-24 19:48:01,11.6667,92.75,83.34,82,100,23.31
372,Iqaluit,CA,2021-05-24 19:48:01,63.7506,-68.5145,22.89,61,45,3.96
373,Katsuura,JP,2021-05-24 19:44:00,35.1333,140.3,65.19,88,100,7.14
374,Sao Filipe,CV,2021-05-24 19:45:03,14.8961,-24.4956,73.74,77,2,13.18
375,Cartagena,CO,2021-05-24 19:43:25,10.3997,-75.5144,89.22,70,40,11.5
376,Saint-Georges,GD,2021-05-24 19:47:03,12.0564,-61.7485,85.68,66,40,25.32
377,Pampa,US,2021-05-24 19:43:45,35.5362,-100.9599,81.55,64,90,17.27
378,Mezen,RU,2021-05-24 19:48:02,65.8522,44.24,35.83,97,100,9.64
379,Arlit,NE,2021-05-24 19:48:02,18.7369,7.3853,95.68,6,0,8.14
380,Balkanabat,TM,2021-05-24 19:48:03,39.5108,54.3671,85.84,17,60,3.51
381,Kloulklubed,PW,2021-05-24 19:48:03,7.0419,134.2556,77.5,78,100,5.53
382,Metaxades,GR,2021-05-24 19:48:03,41.4204,26.225,63.7,85,6,2.24
383,Clyde River,CA,2021-05-24 19:44:24,70.4692,-68.5914,21.43,93,90,29.93
384,Atar,MR,2021-05-24 19:46:16,20.5169,-13.0499,96.51,15,6,13.67
385,Canyon,US,2021-05-24 19:48:04,34.9803,-101.9188,85.05,46,81,15.35
386,Erzin,TR,2021-05-24 19:48:04,36.9559,36.2,72.0,62,0,1.72
387,Anito,PH,2021-05-24 19:48:04,12.4497,125.2886,78.98,87,78,3.13
388,Taunggyi,MM,2021-05-24 19:48:05,20.7833,97.0333,65.19,92,77,3.96
389,Pisco,PE,2021-05-24 19:44:55,-13.7,-76.2167,69.85,73,40,11.5
390,Shelburne,CA,2021-05-24 19:48:05,44.0787,-80.2041,72.12,57,1,5.28
391,Phan Thiet,VN,2021-05-24 19:48:05,10.9333,108.1,78.42,88,100,7.31
392,Raudeberg,NO,2021-05-24 19:48:06,61.9875,5.1352,58.6,85,100,12.77
393,Wels,AT,2021-05-24 19:48:06,48.1667,14.0333,57.87,77,75,2.59
394,Padang,ID,2021-05-24 19:48:06,-0.9492,100.3543,77.81,88,99,3.67
395,Ewa Beach,US,2021-05-24 19:48:07,21.3156,-158.0072,82.09,69,75,4.61
396,Agadir,MA,2021-05-24 19:48:07,30.4202,-9.5982,70.25,57,6,6.55
397,Nuuk,GL,2021-05-24 19:47:01,64.1835,-51.7216,29.01,93,90,13.8
398,Gorom-Gorom,BF,2021-05-24 19:48:07,14.4439,-0.2361,97.47,21,32,4.59
399,Pacific Grove,US,2021-05-24 19:44:22,36.6177,-121.9166,84.61,79,20,5.01
400,Daru,PG,2021-05-24 19:48:08,-9.0763,143.2092,77.47,82,93,17.36
401,Kerema,PG,2021-05-24 19:48:08,-7.9631,145.7785,78.28,84,100,3.2
402,Aksu,CN,2021-05-24 19:48:08,41.1231,80.2644,68.68,21,100,5.3
403,Lucapa,AO,2021-05-24 19:48:09,-8.4192,20.7447,66.02,51,55,3.18
404,Bani Walid,LY,2021-05-24 19:48:09,31.7566,13.9942,87.4,20,100,5.37
405,Fort Nelson,CA,2021-05-24 19:45:15,58.8053,-122.7002,51.39,76,75,10.36
406,Xam Nua,LA,2021-05-24 19:48:09,20.4197,104.0439,69.31,99,100,1.63
407,Yangjiang,CN,2021-05-24 19:48:10,21.85,111.9667,79.43,86,100,4.05
408,West Bay,KY,2021-05-24 19:48:10,19.3667,-81.4167,87.08,78,40,3.0
409,Cabedelo,BR,2021-05-24 19:48:10,-6.9811,-34.8339,83.07,79,57,12.35
410,Strezhevoy,RU,2021-05-24 19:44:21,60.7333,77.5889,46.38,52,100,7.25
411,Ulladulla,AU,2021-05-24 19:48:11,-35.35,150.4667,57.87,90,100,5.97
412,Half Moon Bay,US,2021-05-24 19:45:12,37.4636,-122.4286,85.57,74,40,9.44
413,Tateyama,JP,2021-05-24 19:48:11,34.9833,139.8667,65.98,85,100,8.21
414,Baykit,RU,2021-05-24 19:48:12,61.67,96.37,44.4,92,100,11.05
415,Nantucket,US,2021-05-24 19:48:07,41.2835,-70.0995,64.62,51,1,12.66
416,Sechura,PE,2021-05-24 19:48:12,-5.5569,-80.8222,77.7,65,43,12.71
417,Tromso,NO,2021-05-24 19:48:12,69.6496,18.957,45.25,52,40,12.66
418,Wagar,SD,2021-05-24 19:48:13,16.1525,36.2032,95.92,16,25,6.04
419,Orlovskiy,RU,2021-05-24 19:48:13,46.8714,42.0592,59.88,93,100,6.71
420,Lavrentiya,RU,2021-05-24 19:48:13,65.5833,-171.0,34.92,78,94,13.98
421,Acapulco,MX,2021-05-24 19:44:21,16.8634,-99.8901,90.05,50,0,11.7
422,Santiago De Chuco,PE,2021-05-24 19:48:14,-8.15,-78.1833,62.33,55,72,2.28
423,Santa Cruz De La Palma,ES,2021-05-24 19:48:14,28.6835,-17.7642,69.13,73,75,19.57
424,Singaraja,ID,2021-05-24 19:48:14,-8.112,115.0882,77.77,83,25,2.82
425,Ormara,PK,2021-05-24 19:48:14,25.2088,64.6357,82.92,82,6,14.65
426,Kemijarvi,FI,2021-05-24 19:48:15,66.7131,27.4306,38.73,76,96,3.49
427,Husavik,IS,2021-05-24 19:48:15,66.0449,-17.3389,46.31,70,92,11.14
428,Ouadda,CF,2021-05-24 19:48:15,8.0777,22.4007,73.56,74,52,4.92
429,Adrar,MR,2021-05-24 19:45:56,20.5022,-10.0711,95.95,14,41,13.98
430,Nara,JP,2021-05-24 19:46:41,34.6851,135.8049,63.68,95,96,3.51
431,Maturin,VE,2021-05-24 19:48:16,9.75,-63.1767,88.2,51,94,11.01
432,Pokhara,NP,2021-05-24 19:43:54,28.2333,83.9833,73.72,40,51,6.71
433,Winfield,US,2021-05-24 19:48:16,37.2398,-96.9956,70.79,88,90,16.11
434,Nogales,MX,2021-05-24 19:45:44,31.3086,-110.9422,87.35,6,1,15.14
435,Dakar,SN,2021-05-24 19:48:17,14.6937,-17.4441,74.28,87,14,13.13
436,Praia Da Vitoria,PT,2021-05-24 19:48:17,38.7333,-27.0667,66.45,68,40,14.47
437,Chiredzi,ZW,2021-05-24 19:48:17,-21.05,31.6667,59.76,63,0,3.76
438,Grafton,US,2021-05-24 19:48:18,42.207,-71.6856,72.75,39,40,1.01
439,Mpongwe,ZM,2021-05-24 19:48:18,-13.5091,28.155,53.83,70,0,5.5
440,Gamba,GA,2021-05-24 19:48:18,-2.65,10.0,77.97,91,99,4.56
441,Yulin,CN,2021-05-24 19:48:18,22.6333,110.15,74.25,90,88,4.05
442,Dapaong,TG,2021-05-24 19:48:19,10.8639,0.205,89.76,36,49,6.02
443,Anchorage,US,2021-05-24 19:46:49,61.2181,-149.9003,63.64,42,1,3.0
444,Coihaique,CL,2021-05-24 19:48:19,-45.5752,-72.0662,44.71,96,90,9.22
445,Lugazi,UG,2021-05-24 19:48:20,0.3772,32.9197,74.88,84,6,3.18
446,Dzhebariki-Khaya,RU,2021-05-24 19:48:20,62.2167,135.8,45.73,68,92,3.11
447,Basco,PH,2021-05-24 19:48:20,20.4487,121.9702,83.98,77,37,8.23
448,Francistown,BW,2021-05-24 19:48:20,-21.17,27.5079,55.02,64,0,8.46
449,Tatarsk,RU,2021-05-24 19:48:21,55.219,75.9828,60.15,67,12,3.71
450,Iskateley,RU,2021-05-24 19:48:21,67.6803,53.1512,37.38,53,100,15.77
451,Gizo,SB,2021-05-24 19:48:21,-8.103,156.8419,81.45,80,78,17.25
452,Sisimiut,GL,2021-05-24 19:48:22,66.9395,-53.6735,37.11,67,100,3.51
453,Sistranda,NO,2021-05-24 19:48:22,63.7256,8.834,58.89,83,100,16.4
454,Deputatskiy,RU,2021-05-24 19:48:22,69.3,139.9,35.85,64,11,3.18
455,Mpanda,TZ,2021-05-24 19:48:22,-6.3655,31.0409,60.96,77,12,1.9
456,Auki,SB,2021-05-24 19:48:23,-8.7676,160.7034,77.68,83,99,4.56
457,Parana,AR,2021-05-24 19:48:23,-31.732,-60.5238,61.29,56,56,6.55
458,Quelimane,MZ,2021-05-24 19:46:29,-17.8786,36.8883,66.15,82,20,5.99
459,Carnot,CF,2021-05-24 19:48:23,4.9409,15.8665,73.9,83,39,2.01
460,Stabat,ID,2021-05-24 19:48:24,3.761,98.4513,79.0,99,100,2.82
461,Taylor,US,2021-05-24 19:48:24,32.3001,-99.8337,83.71,62,75,4.0
462,Chapais,CA,2021-05-24 19:47:44,49.7834,-74.8492,58.78,22,0,12.3
463,Blagodatnoye,RU,2021-05-24 19:48:24,45.3997,42.5867,61.72,95,100,11.92
464,Kuah,MY,2021-05-24 19:48:25,6.3265,99.8432,80.58,70,20,6.31
465,Banda Aceh,ID,2021-05-24 19:48:25,5.5577,95.3222,81.12,80,100,10.31
466,Aguimes,ES,2021-05-24 19:48:25,27.9054,-15.4461,66.67,60,20,28.77
467,Filingue,NE,2021-05-24 19:48:26,14.3521,3.3168,96.64,18,20,4.16
468,Coahuayana,MX,2021-05-24 19:48:26,18.7333,-103.6833,91.13,40,0,8.5
469,Asfi,MA,2021-05-24 19:48:26,32.2994,-9.2372,64.31,70,69,26.71
470,Murchison,NZ,2021-05-24 19:48:27,-41.8,172.3333,34.2,92,5,2.44
471,Inuvik,CA,2021-05-24 19:47:26,68.3499,-133.7218,42.01,93,40,6.91
472,Ust-Koksa,RU,2021-05-24 19:48:27,50.2696,85.6108,48.74,89,69,0.54
473,Port Lincoln,AU,2021-05-24 19:48:27,-34.7333,135.8667,59.86,65,100,24.63
474,San Juan De Los Morros,VE,2021-05-24 19:48:28,9.9115,-67.3538,85.48,55,94,4.9
475,Mbulu,TZ,2021-05-24 19:48:28,-3.85,35.5333,57.42,83,87,7.76
476,Achinsk,RU,2021-05-24 19:48:28,56.2694,90.4993,50.67,89,40,9.89
477,Saint-Augustin,CA,2021-05-24 19:48:29,51.226,-58.6502,49.17,30,100,15.23
478,Ambulu,ID,2021-05-24 19:48:29,-8.345,113.6058,75.61,91,97,3.0
479,Codrington,AU,2021-05-24 19:48:30,-38.2667,141.9667,66.06,46,100,23.15
480,Takoradi,GH,2021-05-24 19:45:48,4.8845,-1.7554,81.27,83,45,9.24
481,Nacala,MZ,2021-05-24 19:48:30,-14.5428,40.6728,69.1,72,62,12.44
482,Jiazi,CN,2021-05-24 19:48:30,22.8779,116.067,78.89,88,10,4.65
483,Siavonga,ZM,2021-05-24 19:48:31,-16.5382,28.7088,67.41,60,0,7.0
484,Uspenka,UA,2021-05-24 19:48:31,48.3903,39.1619,58.19,96,87,7.7
485,Tukrah,LY,2021-05-24 19:48:31,32.5341,20.5791,72.64,44,6,10.78
486,Yumen,CN,2021-05-24 19:48:32,40.2833,97.2,59.16,15,100,4.72
487,Porto-Vecchio,FR,2021-05-24 19:48:32,41.591,9.2795,62.13,91,90,10.94
488,Kirakira,SB,2021-05-24 19:48:32,-10.4544,161.9205,78.04,88,100,7.85
489,Mildura,AU,2021-05-24 19:48:33,-34.2,142.15,62.56,48,57,17.27
490,Sonoita,MX,2021-05-24 19:44:46,31.85,-112.8333,87.53,5,0,7.76
491,Lundazi,ZM,2021-05-24 19:48:33,-12.2929,33.1782,55.65,88,30,6.29
492,Bafut,CM,2021-05-24 19:48:34,6.0833,10.1,66.74,91,78,1.19
493,Wenzhou,CN,2021-05-24 19:48:34,27.9994,120.6668,67.28,95,100,1.05
494,Oshikango,NA,2021-05-24 19:48:34,-17.4,15.8833,66.09,40,0,7.27
495,Boat Of Garten,GB,2021-05-24 19:48:35,57.2491,-3.759,45.68,96,100,6.51
496,Bad Ischl,AT,2021-05-24 19:48:35,47.7111,13.6189,55.67,94,100,2.95
497,Boende,CD,2021-05-24 19:48:35,-0.2167,20.8667,74.86,84,61,2.82
498,Caravelas,BR,2021-05-24 19:48:35,-17.7125,-39.2481,77.41,79,69,10.36
499,Sale,MA,2021-05-24 19:48:36,34.0389,-6.8166,64.42,77,100,6.91
500,Nemuro,JP,2021-05-24 19:48:36,43.3236,145.575,44.47,91,11,5.59
501,Benguela,AO,2021-05-24 19:48:36,-12.5763,13.4055,75.52,85,0,4.12
502,Teahupoo,PF,2021-05-24 19:48:37,-17.8333,-149.2667,78.76,79,89,12.41
503,Caorle,IT,2021-05-24 19:47:10,45.5966,12.8758,58.96,94,100,10.92
504,Portree,GB,2021-05-24 19:48:37,57.4129,-6.1942,47.86,88,100,18.07
505,Aswan,EG,2021-05-24 19:48:37,24.0934,32.907,86.49,13,0,10.78
506,Gondanglegi,ID,2021-05-24 19:48:38,-7.7479,112.0132,75.04,93,91,8.01
507,Otane,NZ,2021-05-24 19:48:38,-39.8833,176.6333,52.02,88,100,10.58
508,Isangel,VU,2021-05-24 19:48:38,-19.55,169.2667,71.74,64,81,10.89
509,Makakilo City,US,2021-05-24 19:48:39,21.3469,-158.0858,80.69,73,75,4.61
510,Barentu,ER,2021-05-24 19:48:39,15.1139,37.5928,86.14,29,37,4.34
511,Lakhdenpokhya,RU,2021-05-24 19:48:39,61.5198,30.1992,39.97,84,74,9.89
512,Klyuchi,RU,2021-05-24 19:48:39,52.2667,79.1667,64.22,59,31,3.89
513,Fort-Shevchenko,KZ,2021-05-24 19:48:40,44.5086,50.263,75.04,42,0,6.73
514,Athabasca,CA,2021-05-24 19:45:29,54.7169,-113.2854,60.62,64,100,18.3
515,Hervey Bay,AU,2021-05-24 19:48:40,-25.2986,152.8535,62.04,67,99,11.56
516,Trelew,AR,2021-05-24 19:48:41,-43.249,-65.3051,56.71,31,0,24.74
517,Socorro,US,2021-05-24 19:48:41,31.6546,-106.3033,91.9,8,75,12.15
518,Duliagaon,IN,2021-05-24 19:48:41,27.3667,95.3167,77.63,93,100,1.45
519,Hanover,DE,2021-05-24 19:48:41,52.3705,9.7332,58.77,73,75,1.01
520,Bobon,PH,2021-05-24 19:48:42,12.5246,124.5636,77.86,90,20,1.43
521,Mosquera,CO,2021-05-24 19:48:42,4.7059,-74.2302,66.29,55,75,13.8
522,Bardiyah,LY,2021-05-24 19:48:42,31.7561,25.0865,70.9,66,0,5.93
523,Juruti,BR,2021-05-24 19:48:43,-2.1522,-56.0922,87.1,65,100,4.52
524,Orocue,CO,2021-05-24 19:48:43,4.7912,-71.3354,82.8,74,76,8.93
525,Shizukuishi,JP,2021-05-24 19:48:43,39.6833,140.9833,57.25,98,100,3.33
526,Two Hills,CA,2021-05-24 19:48:43,53.7169,-111.7518,59.13,75,100,20.87
527,Biak,ID,2021-05-24 19:48:44,-0.9131,122.8766,76.01,85,91,7.18
528,Geraldton,AU,2021-05-24 19:44:59,-28.7667,114.6,55.81,63,40,9.06
529,Birao,CF,2021-05-24 19:48:44,10.2849,22.7882,88.77,31,94,4.72
530,Ballina,AU,2021-05-24 19:48:44,-28.8667,153.5667,58.96,94,90,8.05
531,Kedougou,SN,2021-05-24 19:48:45,12.5579,-12.1743,96.51,17,80,3.44
532,Ada,US,2021-05-24 19:48:45,43.4166,-116.1262,65.57,46,20,11.99
533,Gubkinskiy,RU,2021-05-24 19:48:45,64.434,76.5026,38.14,54,100,8.12
534,Kiunga,PG,2021-05-24 19:48:46,-6.1219,141.2906,72.88,99,99,3.06
535,Carutapera,BR,2021-05-24 19:48:46,-1.195,-46.02,82.47,74,90,10.07
536,Tete,MZ,2021-05-24 19:48:46,-16.1564,33.5867,68.65,59,55,4.61
537,Sinazongwe,ZM,2021-05-24 19:48:47,-17.2614,27.4618,65.44,52,0,2.06
538,Tadine,NC,2021-05-24 19:48:47,-21.55,167.8833,70.2,60,22,14.88
539,Palmares Do Sul,BR,2021-05-24 19:48:47,-30.2578,-50.5097,59.5,60,0,15.5
540,Yar-Sale,RU,2021-05-24 19:48:47,66.8333,70.8333,33.42,63,70,6.04
541,Merrill,US,2021-05-24 19:48:48,45.1805,-89.6835,77.04,79,40,6.91
542,Felanitx,ES,2021-05-24 19:48:48,39.4696,3.1483,65.95,82,0,7.72
543,Emba,KZ,2021-05-24 19:48:48,48.8264,58.1442,74.88,28,2,9.64
544,Berbera,SO,2021-05-24 19:48:49,10.4396,45.0143,89.53,59,14,6.46
